Fecha,H0,H1,H2,H3,H4,H5,H6,H7,H8,H9,H10,H11,H12,H13,H14,H15,H16,H17,H18,H19,H20,H21,H22,H23
2005-01-01,69.82,69.82,69.82,68.82,68.82,68.32,68.32,68.32,68.32,68.32,68.32,68.82,68.82,68.82,68.32,68.32,68.32,68.82,69.82,85.82,69.82,69.82,69.82,68.82
2005-01-02,68.32,68.32,68.32,68.32,68.32,68.32,68.32,68.32,68.32,68.82,68.82,68.82,68.82,68.82,68.82,68.32,68.32,68.82,86.82,94.82,86.82,86.82,75.82,68.82
2005-01-03,73.82,73.82,69.82,69.82,73.82,73.82,73.82,73.82,86.82,86.82,86.82,86.82,86.82,86.82,86.82,86.82,86.82,86.82,107.82,107.82,107.82,92.82,86.82,73.82
2005-01-04,72.82,72.72,68.82,68.82,72.82,72.82,72.82,72.82,77.82,79.82,80.82,80.82,80.82,79.82,79.82,79.82,79.82,80.82,80.82,86.82,80.82,80.82,77.82,72.82
2005-01-05,70.82,70.82,70.82,70.82,70.82,70.82,70.82,70.82,77.82,79.82,90.81,92.82,79.82,77.82,77.82,77.82,77.82,79.82,92.82,92.82,92.82,92.82,77.82,70.82
2005-01-06,78.82,77.82,77.82,77.82,78.82,79.82,91.32,91.32,91.32,91.32,92.82,92.82,92.82,91.32,91.32,91.32,91.32,92.82,92.82,96.82,92.82,92.82,91.32,91.32
2005-01-07,82.82,82.82,79.82,75.82,79.82,82.82,82.82,91.82,91.82,91.82,91.82,91.82,91.82,91.82,91.82,91.82,91.82,91.82,92.82,92.82,92.82,91.82,91.82,82.82
2005-01-08,77.82,77.82,77.82,77.82,77.82,82.82,82.82,82.82,86.82,92.92,92.92,92.92,92.92,92.92,86.82,86.82,86.82,90.31,93.32,96.82,92.92,92.92,91.92,82.82
2005-01-09,92.82,91.92,86.82,86.82,86.82,86.82,86.82,92.82,93.33,93.33,93.33,93.33,93.33,93.33,93.33,92.82,92.82,93.33,95.82,95.82,95.82,93.33,93.33,92.82
2005-01-10,93.33,91.92,82.82,82.82,82.82,93.33,93.33,93.33,93.33,93.33,93.33,93.33,93.82,93.33,93.33,93.33,93.33,93.33,95.82,95.82,95.82,95.82,93.33,93.33
2005-01-11,78.82,78.82,78.82,78.82,78.82,78.82,82.82,83.82,96.82,96.82,96.82,96.92,96.82,96.82,96.82,96.82,96.82,96.82,96.92,97.82,96.92,96.92,96.82,82.82
2005-01-12,74.82,74.82,74.82,74.82,74.82,82.82,83.82,83.82,87.82,87.82,87.82,87.82,87.82,87.82,87.82,87.82,87.82,87.82,96.82,97.82,96.82,87.82,87.82,82.82
2005-01-13,82.82,82.82,82.82,82.82,82.82,83.82,84.82,84.82,84.82,84.82,84.82,87.92,84.82,84.82,84.82,84.82,84.82,84.82,96.82,97.82,96.82,84.82,84.82,82.82
2005-01-14,84.82,84.82,84.82,84.82,84.82,84.82,84.82,89.12,89.12,89.12,89.12,89.12,89.12,89.12,89.12,89.12,89.12,89.12,97.82,98.82,97.82,89.12,89.12,84.82
2005-01-15,87.82,87.82,87.82,87.82,87.82,87.82,87.82,87.82,89.12,89.12,89.12,89.12,89.12,89.12,89.12,89.12,89.12,89.12,89.32,92.82,89.32,89.12,89.12,87.82
2005-01-16,82.32,82.32,82.32,79.82,82.32,82.32,79.82,82.32,87.82,89.17,89.17,89.17,89.17,89.17,89.17,86.82,82.32,89.17,89.17,89.42,89.32,89.17,89.17,82.32
2005-01-17,71.82,71.29,71.29,71.29,71.82,82.32,84.82,84.82,84.82,84.82,84.82,88.82,84.82,84.82,84.82,84.82,84.82,84.82,89.22,92.81,89.22,88.82,84.82,82.32
2005-01-18,70.82,68.29,68.29,70.82,70.82,71.82,82.32,84.82,84.82,84.82,84.82,84.82,84.82,84.82,84.82,84.82,84.82,84.82,87.82,87.82,87.82,84.82,82.82,71.82
2005-01-19,67.82,66.28,66.28,66.28,66.28,71.82,81.82,81.82,81.82,81.82,81.82,82.82,81.82,81.82,81.82,81.82,81.82,81.82,87.82,87.82,87.82,81.82,81.82,71.82
2005-01-20,77.82,77.82,77.82,77.82,77.82,77.82,77.82,77.82,82.82,82.82,82.82,82.82,82.82,77.82,77.82,77.82,77.82,77.82,82.82,87.82,82.82,82.82,77.82,77.82
2005-01-21,69.82,67.82,67.82,67.82,79.82,79.82,79.82,79.82,81.82,82.82,82.82,82.82,82.82,81.82,81.82,81.82,81.82,82.82,82.82,88.82,82.82,82.82,79.82,79.82
2005-01-22,81.82,81.82,67.82,67.82,67.82,81.82,82.72,83.82,83.82,83.82,83.82,83.82,83.82,83.82,83.82,83.82,83.82,83.82,87.82,89.32,87.82,83.82,83.82,83.82
2005-01-23,81.82,67.82,67.82,67.82,67.82,81.82,67.82,81.82,82.72,82.82,82.82,82.82,82.82,82.82,82.72,81.82,81.82,82.72,82.82,83.82,83.82,82.82,82.82,81.82
2005-01-24,80.82,80.82,80.82,80.82,80.82,80.82,81.82,81.82,83.82,83.82,83.82,83.82,83.82,83.82,83.82,83.82,83.82,83.82,88.32,88.32,86.82,83.82,81.82,80.82
2005-01-25,30.62,30.62,30.62,30.62,70.82,80.82,80.82,80.82,81.82,81.82,81.82,81.82,81.82,81.82,81.82,81.82,81.82,81.82,88.32,88.32,87.82,81.82,80.82,80.82
2005-01-26,57.82,57.82,57.82,57.82,57.82,72.82,80.72,80.82,80.82,80.82,80.82,80.82,80.82,80.82,80.82,80.82,80.82,80.82,81.82,86.82,81.82,80.82,80.82,70.82
2005-01-27,80.82,79.82,79.82,79.82,80.82,80.82,80.82,80.82,81.32,81.32,81.32,81.32,81.32,81.32,81.32,81.32,81.32,81.32,86.82,88.47,86.82,81.32,81.32,80.82
2005-01-28,68.86,68.86,68.86,68.86,68.86,73.82,77.82,79.82,81.32,81.32,81.32,81.92,81.32,81.32,81.32,81.32,81.32,81.32,81.42,86.82,81.32,81.32,79.82,73.82
2005-01-29,77.82,77.82,77.82,77.82,77.82,79.82,79.82,82.82,84.82,84.82,84.82,84.82,84.82,84.82,82.82,82.82,82.82,84.82,84.82,84.82,84.82,84.82,82.82,79.82
2005-01-30,84.82,82.82,82.82,82.82,82.82,82.82,82.82,84.82,84.82,85.82,84.82,85.82,85.82,85.82,85.82,84.82,85.82,85.82,89.82,90.82,90.82,89.82,89.82,84.82
2005-01-31,82.52,80.32,80.32,80.32,82.52,82.52,82.82,82.82,85.82,85.82,85.82,87.32,87.32,85.82,85.82,85.82,85.82,87.32,90.82,90.82,90.82,90.82,85.82,82.52
2005-02-01,79.97,79.47,79.47,79.47,82.17,82.17,82.47,84.37,85.47,85.47,85.47,85.47,85.47,85.47,85.47,85.47,85.47,85.47,92.47,96.47,92.47,92.47,82.47,82.17
2005-02-02,73.47,72.47,72.47,72.47,72.47,82.47,82.47,82.47,83.97,83.97,83.97,83.97,83.97,83.97,83.97,83.97,83.97,83.97,87.47,87.47,87.47,83.97,83.97,75.47
2005-02-03,75.57,75.57,75.57,75.57,75.57,79.47,80.47,80.47,82.57,83.97,83.97,83.97,82.57,80.47,83.97,83.97,83.97,83.97,84.47,92.47,83.97,83.97,80.47,75.57
2005-02-04,72.47,72.47,72.47,72.47,73.47,80.47,80.57,80.57,80.57,80.57,80.57,80.57,80.57,80.57,80.57,80.57,80.57,80.57,82.47,82.47,82.47,80.57,80.57,79.47
2005-02-05,77.47,75.47,75.47,75.47,75.47,77.47,77.47,79.47,80.47,80.47,82.57,82.57,82.57,80.47,80.47,79.47,79.47,79.47,82.57,82.57,82.57,82.57,82.57,82.57
2005-02-06,80.47,80.47,79.97,79.97,79.97,79.97,80.47,77.47,79.97,79.97,79.97,79.97,79.97,77.47,79.97,79.97,79.97,80.47,80.47,82.57,82.57,80.47,79.97,77.47
2005-02-07,31.8,31.8,31.8,31.8,31.8,72.97,77.27,77.27,77.27,77.27,77.27,77.27,77.27,77.27,77.27,77.27,77.27,77.27,77.47,80.47,77.47,77.27,77.27,72.47
2005-02-08,69.97,69.97,69.97,31.8,67.47,75.77,75.77,75.77,77.47,77.47,77.47,77.47,77.47,75.77,75.77,75.77,77.47,77.47,80.47,82.47,80.47,77.47,75.77,70.47
2005-02-09,69.47,68.47,69.47,68.47,68.47,75.47,75.77,75.77,75.77,75.77,76.47,75.77,75.77,75.77,75.77,75.77,75.77,75.77,80.47,82.47,80.97,76.47,75.77,69.47
2005-02-10,75.97,75.97,75.97,75.97,75.97,77.47,80.47,80.47,80.47,81.47,81.47,81.47,80.47,80.47,80.47,80.47,80.47,81.47,81.47,82.47,81.47,81.47,77.47,77.47
2005-02-11,69.57,69.47,69.47,69.47,70.47,75.47,75.47,75.47,76.47,76.47,76.47,76.47,76.47,76.47,76.47,76.47,76.47,76.47,81.47,81.47,81.47,76.47,75.47,75.47
2005-02-12,75.47,74.47,74.47,74.47,74.47,75.47,75.47,75.47,77.47,77.47,77.47,77.47,77.47,77.47,75.47,75.47,75.47,75.47,77.47,82.47,82.47,77.47,75.47,75.47
2005-02-13,69.47,69.47,69.47,68.47,68.47,69.47,68.47,69.47,72.47,72.47,72.47,73.47,73.47,73.47,72.47,72.47,72.47,70.47,83.47,84.47,84.47,83.47,73.97,72.47
2005-02-14,67.97,67.47,57.47,57.47,67.97,72.47,72.47,72.47,72.47,72.47,72.47,72.47,72.47,72.47,72.47,72.47,72.47,72.47,74.97,83.47,74.97,74.97,72.47,68.47
2005-02-15,67.35,67.35,67.35,57.47,67.35,68.47,70.47,70.47,70.97,70.97,70.97,70.97,70.97,70.97,70.97,70.97,70.97,70.97,72.47,72.47,72.47,70.97,68.47,67.35
2005-02-16,56.47,56.47,55.47,55.47,62.47,65.47,65.47,65.47,65.47,65.47,65.47,65.47,65.47,65.47,65.47,65.47,65.47,65.47,67.07,77.47,66.95,65.47,65.47,57.47
2005-02-17,57.47,57.47,57.47,57.47,57.47,72.47,72.47,72.47,72.47,72.47,82.46,82.46,77.47,72.47,77.47,77.47,82.46,77.47,82.46,82.47,82.46,82.46,72.47,61.47
2005-02-18,61.47,59.47,59.47,59.47,59.47,75.47,82.46,75.47,82.46,82.46,82.46,82.46,82.46,82.46,82.46,82.46,82.46,82.46,82.46,83.47,82.47,82.46,75.47,68.57
2005-02-19,58.47,57.47,57.47,57.47,58.47,61.47,61.47,61.47,75.47,75.47,75.47,75.47,75.47,75.47,75.47,75.47,61.47,61.47,81.97,81.97,81.97,81.97,68.57,58.47
2005-02-20,75.47,75.47,61.47,61.47,61.47,61.47,61.47,75.47,75.47,75.47,75.47,75.47,76.47,76.47,75.47,75.47,75.47,75.47,76.47,81.87,81.87,76.47,76.47,75.47
2005-02-21,57.47,34.15,34.15,34.15,58.47,60.47,60.47,60.47,61.47,60.47,61.47,81.97,61.47,61.47,61.47,61.47,68.57,61.47,82.47,94.47,82.47,81.97,60.47,60.47
2005-02-22,60.47,60.47,60.47,60.47,60.47,82.47,88.47,88.47,88.47,88.47,88.47,88.47,88.47,88.47,88.47,88.47,88.47,88.47,94.47,112.07,94.47,88.47,88.47,81.97
2005-02-23,31.8,31.8,31.8,31.8,57.47,81.97,82.37,81.97,82.37,82.37,82.37,82.37,82.37,82.37,82.37,82.37,82.37,82.37,82.47,89.47,82.47,82.37,68.57,58.47
2005-02-24,63.47,63.47,63.47,63.47,63.47,77.37,77.37,77.37,77.37,77.37,77.37,77.37,77.37,77.37,77.37,77.37,77.37,77.37,81.97,94.47,82.47,81.47,77.37,63.47
2005-02-25,57.42,57.37,57.37,57.37,62.47,65.47,65.47,65.47,65.47,68.57,81.47,81.47,81.47,65.47,68.57,68.57,68.57,68.57,81.97,82.47,81.97,81.47,65.47,65.47
2005-02-26,57.47,57.47,57.47,57.47,57.47,57.47,57.47,61.47,61.47,61.47,61.47,63.47,63.47,61.47,61.47,61.47,61.47,61.47,81.47,87.36,81.47,63.47,61.47,61.47
2005-02-27,63.47,57.47,57.47,57.47,57.47,57.47,57.47,57.47,63.47,63.47,63.47,63.47,77.47,63.47,63.47,63.47,63.47,63.47,81.47,85.47,85.47,81.47,77.47,63.47
2005-02-28,63.47,63.47,63.47,63.47,63.87,63.87,63.87,63.87,78.47,78.47,78.47,78.47,78.47,68.57,78.47,78.47,78.47,78.47,79.47,79.47,78.47,78.47,63.87,63.47
2005-03-01,58.69,58.69,58.69,58.69,58.69,58.79,58.79,58.79,58.79,58.79,58.79,58.79,58.79,58.79,58.79,58.79,58.79,58.79,80.79,82.79,80.79,58.79,58.79,58.69
2005-03-02,58.39,58.39,58.39,58.39,58.49,58.79,58.79,58.79,80.79,80.79,81.79,81.79,80.79,80.79,80.79,80.79,80.79,58.79,81.79,81.79,81.79,81.79,58.79,58.49
2005-03-03,58.39,58.39,58.39,58.39,58.49,58.79,58.79,58.79,77.79,77.79,77.79,77.79,77.79,68.59,77.79,77.79,77.79,77.79,77.79,80.79,77.79,77.79,58.79,58.69
2005-03-04,63.79,63.79,63.79,63.79,63.79,75.79,76.79,75.79,76.79,76.79,76.79,76.79,76.79,76.79,76.79,76.79,76.79,76.79,76.79,85.28,76.79,76.79,75.79,63.79
2005-03-05,76.79,76.79,76.79,76.79,76.79,76.79,76.79,76.79,76.79,76.79,76.79,76.79,76.79,76.79,76.79,76.79,76.79,76.79,77.29,77.29,77.29,76.79,76.79,76.79
2005-03-06,74.79,74.79,74.79,74.79,74.79,74.79,74.79,74.79,74.79,75.79,74.79,75.79,75.79,75.79,74.79,74.79,74.79,74.79,76.79,80.79,77.79,76.79,75.79,74.79
2005-03-07,64.79,64.79,64.79,64.79,64.79,70.79,70.79,72.79,75.69,75.69,75.69,75.69,75.69,75.69,75.69,75.69,75.69,75.69,76.79,77.79,76.79,75.69,72.79,64.79
2005-03-08,56.79,56.79,56.79,56.79,58.79,62.89,62.89,62.89,68.59,76.79,76.79,76.79,76.79,62.89,76.79,76.79,62.89,68.59,76.79,62.89,62.89,62.89,62.89,62.89
2005-03-09,62.79,61.79,60.79,58.79,61.79,62.89,62.89,62.89,73.79,73.79,73.79,73.79,73.79,73.79,73.79,73.79,73.79,73.79,76.79,77.79,76.79,73.79,62.89,62.89
2005-03-10,60.29,56.79,56.79,56.79,60.29,61.79,73.79,73.79,73.79,73.79,76.29,76.29,73.79,73.79,73.79,73.79,73.79,73.79,76.29,76.29,76.29,76.29,73.79,61.79
2005-03-11,30.15,30.15,30.15,30.15,30.15,59.79,59.79,59.79,60.79,60.79,62.79,68.59,60.79,60.79,60.79,60.79,60.79,60.29,73.29,73.29,73.29,68.59,59.79,56.79
2005-03-12,60.39,59.79,59.79,59.79,59.79,60.39,60.39,60.79,73.29,73.29,73.29,73.29,73.29,73.29,60.79,60.79,60.39,60.79,73.29,73.79,73.29,73.29,73.29,60.39
2005-03-13,60.29,59.79,59.79,58.89,58.89,58.89,58.89,59.79,60.29,60.29,60.29,60.29,60.29,60.29,60.29,60.29,59.79,60.29,60.79,68.79,68.79,68.79,60.29,60.29
2005-03-14,59.89,59.89,59.89,59.89,59.89,60.29,60.29,60.29,60.69,60.69,60.69,60.79,60.69,60.69,60.69,60.69,60.69,60.69,68.79,88.79,68.79,60.79,60.69,60.29
2005-03-15,59.79,58.79,58.79,58.79,59.79,61.29,61.29,61.29,65.79,65.79,65.79,65.79,65.79,65.79,65.79,65.79,65.79,65.79,68.79,98.79,68.79,65.79,65.79,61.29
2005-03-16,55.79,55.79,55.79,55.79,58.79,65.79,65.79,65.79,68.79,68.79,65.79,68.79,68.79,68.79,68.79,68.79,68.79,68.79,78.79,103.98,78.79,68.79,65.79,65.79
2005-03-17,66.79,66.79,63.79,63.79,66.79,68.29,68.29,68.29,73.79,73.79,73.79,73.79,73.79,73.79,73.79,73.79,73.79,73.79,77.79,103.98,77.79,73.79,73.79,66.79
2005-03-18,68.59,66.79,66.79,66.79,66.79,70.79,70.79,73.79,73.79,73.79,73.79,73.79,73.79,73.79,73.79,73.79,73.79,73.79,77.79,93.79,77.79,73.79,73.79,68.79
2005-03-19,68.59,65.29,65.29,65.29,65.29,65.29,68.59,72.79,72.79,72.79,72.79,73.79,73.79,72.79,72.79,72.79,72.79,72.79,77.79,88.79,77.79,73.79,72.79,72.79
2005-03-20,70.79,68.59,64.79,64.79,64.79,64.79,64.79,64.79,70.79,70.79,70.79,70.79,72.79,70.79,70.79,70.79,70.79,70.79,72.79,73.69,73.69,72.79,72.79,70.79
2005-03-21,68.79,68.79,68.79,68.79,68.79,68.79,68.79,68.79,68.79,68.79,68.79,68.79,68.79,68.79,68.79,68.79,68.79,68.79,74.69,78.79,74.79,74.69,68.79,68.79
2005-03-22,63.59,63.59,63.59,63.59,63.59,64.79,69.79,69.79,72.69,72.69,72.69,72.69,72.69,72.69,72.69,72.69,72.69,72.69,78.79,98.79,88.79,72.69,69.79,69.79
2005-03-23,68.79,68.79,68.79,68.79,68.79,68.79,68.79,68.79,70.79,70.79,70.79,70.79,70.79,70.79,70.79,70.79,70.79,68.79,70.79,83.79,70.79,70.79,68.79,68.79
2005-03-24,64.79,64.79,64.79,64.79,64.79,64.79,64.79,64.79,66.79,66.79,68.59,70.29,70.29,68.59,66.79,66.79,64.79,66.79,72.79,76.29,72.79,72.79,70.29,66.79
2005-03-25,68.79,64.79,64.79,64.79,64.79,64.79,64.69,64.79,68.79,68.79,68.79,68.79,68.79,68.79,64.79,64.79,64.79,68.59,68.79,76.79,70.29,70.29,68.79,68.79
2005-03-26,62.89,62.79,62.79,62.79,62.79,62.79,62.79,62.89,68.79,68.79,69.79,69.79,69.79,69.79,68.79,68.79,68.79,69.79,69.79,74.29,69.79,69.79,69.79,68.79
2005-03-27,69.29,68.79,68.79,68.79,68.79,68.79,68.79,68.79,70.29,71.79,71.79,71.79,71.79,71.79,71.79,70.29,70.29,70.29,71.79,75.79,75.79,71.79,71.79,70.29
2005-03-28,62.29,62.29,62.29,62.29,62.29,67.79,68.79,68.79,68.79,68.79,71.79,71.79,68.79,68.79,71.79,68.79,68.79,68.79,86.78,98.79,78.79,71.79,68.79,62.89
2005-03-29,68.29,68.29,68.29,68.29,68.29,68.79,68.79,68.79,68.79,68.79,68.79,68.79,68.79,68.79,68.79,68.79,68.79,68.79,86.29,88.79,88.79,71.79,68.79,68.29
2005-03-30,68.19,68.19,68.19,68.19,68.19,68.19,68.74,68.19,75.79,78.79,78.79,78.79,78.79,75.79,78.79,78.79,75.79,78.79,88.79,88.79,85.78,78.79,68.19,68.19
2005-03-31,67.79,66.79,67.79,67.79,67.79,68.79,68.79,68.79,68.79,68.79,68.79,68.79,68.79,68.79,68.79,68.79,68.79,68.79,81.79,81.79,81.79,75.79,68.79,68.79
2005-04-01,66.53,62.53,62.53,62.53,64.53,72.53,74.53,72.53,74.53,74.53,74.53,74.53,74.53,72.53,74.53,74.53,74.53,74.53,77.53,81.53,77.53,74.53,74.53,66.53
2005-04-02,73.53,73.53,73.53,73.53,73.53,73.53,73.53,73.53,73.53,74.53,74.53,74.53,74.53,74.53,74.53,73.53,73.53,73.53,74.53,74.53,74.53,74.53,73.53,73.53
2005-04-03,73.43,72.73,72.73,72.73,72.73,72.73,72.73,72.73,73.43,73.43,73.43,73.53,73.53,73.53,73.43,72.73,72.73,72.73,74.53,76.53,74.53,74.53,73.53,72.73
2005-04-04,72.53,67.98,67.98,67.98,72.53,74.53,74.53,74.53,74.53,74.53,74.53,74.53,74.53,74.53,74.53,74.53,74.53,76.53,80.53,80.53,80.53,80.53,74.53,74.53
2005-04-05,73.53,72.53,72.53,72.53,73.53,74.53,74.53,74.53,75.53,75.53,75.53,75.53,74.53,74.53,74.53,74.53,74.53,74.53,75.53,75.53,75.53,75.53,74.53,73.53
2005-04-06,74.03,72.53,72.53,72.53,74.03,74.03,75.03,75.03,75.03,75.03,75.03,75.03,75.03,75.03,75.03,75.03,75.03,75.03,77.53,85.52,77.53,75.03,74.53,74.03
2005-04-07,71.53,67.98,67.98,67.98,67.98,72.03,72.53,73.53,73.53,73.53,77.53,77.53,73.53,72.53,73.53,73.53,73.53,77.53,78.53,78.53,78.53,77.53,72.53,72.03
2005-04-08,71.53,70.53,67.98,70.53,72.53,72.73,72.73,72.73,72.73,72.73,72.73,72.73,72.73,72.73,72.73,72.73,72.73,74.53,74.53,74.53,74.53,74.53,72.73,72.73
2005-04-09,72.53,72.53,71.53,71.53,72.53,72.53,72.53,74.33,74.33,74.33,74.33,74.33,74.33,74.33,74.33,74.33,74.33,74.33,77.53,79.53,77.53,74.33,74.33,74.33
2005-04-10,68.53,68.53,68.53,68.53,68.53,68.53,68.53,68.53,69.53,69.53,69.53,69.53,69.53,69.53,68.53,68.53,68.53,69.53,72.03,77.53,76.53,72.03,72.03,69.53
2005-04-11,67.53,67.53,67.53,67.53,67.53,67.53,67.53,67.53,69.53,76.53,76.53,76.53,69.53,69.53,69.53,70.53,69.53,70.53,77.53,83.53,77.53,70.53,67.53,67.53
2005-04-12,65.47,65.47,65.47,65.47,65.47,67.53,67.53,67.53,67.53,67.53,67.53,67.53,67.53,67.53,67.53,67.53,67.53,67.53,69.53,70.53,67.53,67.53,67.53,65.53
2005-04-13,64.47,64.47,64.47,64.47,64.47,65.03,65.03,65.48,65.48,65.48,65.48,65.48,65.48,65.48,65.48,65.48,65.48,65.48,65.53,77.53,65.53,65.48,65.48,64.53
2005-04-14,62.53,62.53,57.53,57.53,62.53,63.03,64.53,65.03,76.53,76.53,76.53,76.53,76.53,76.53,76.53,76.53,76.53,76.53,77.53,97.53,77.53,77.53,65.03,63.03
2005-04-15,61.53,57.53,57.53,57.53,57.53,63.23,63.23,63.23,63.23,63.23,63.53,63.53,63.53,63.23,63.23,63.23,63.23,63.23,77.03,77.03,77.03,63.53,63.23,61.53
2005-04-16,59.53,59.53,59.53,59.53,59.53,59.53,59.53,59.53,61.38,62.53,62.53,62.53,69.53,63.23,63.23,63.23,63.23,63.23,69.53,83.53,69.53,63.23,59.53,59.53
2005-04-17,60.53,60.53,59.53,59.53,59.53,59.53,59.53,59.53,60.53,67.53,67.53,67.53,67.53,67.53,67.53,60.53,67.53,67.53,77.53,77.53,77.53,77.53,69.53,60.53
2005-04-18,50.53,50.53,50.53,50.53,50.53,54.53,54.53,54.53,59.03,59.03,62.53,62.53,59.03,59.03,59.03,59.03,59.03,59.03,67.53,82.53,67.53,62.53,54.53,54.53
2005-04-19,46.53,46.53,46.53,46.53,47.53,49.53,49.53,49.53,55.53,62.53,77.53,77.53,77.53,77.53,77.53,77.53,77.53,77.53,97.53,104.53,77.53,55.53,49.53,47.53
2005-04-20,45.53,45.53,45.53,45.53,45.53,46.03,46.53,46.53,77.53,77.53,77.53,77.53,77.53,73.03,77.53,77.53,77.53,73.03,83.52,97.53,77.53,77.53,46.53,45.53
2005-04-21,47.53,47.53,47.53,47.53,47.53,61.53,61.53,62.53,62.53,73.03,76.53,76.53,76.53,73.03,76.53,76.53,76.53,76.53,76.53,83.52,76.53,62.53,61.53,47.53
2005-04-22,52.53,45.53,45.53,45.53,45.53,57.53,62.03,62.03,62.03,62.03,62.03,62.53,62.03,62.03,62.03,62.03,62.03,62.03,66.53,88.93,66.53,62.03,62.03,52.53
2005-04-23,62.03,62.03,62.02,62.02,62.02,62.03,62.03,62.03,66.53,82.52,82.53,82.53,82.53,66.53,66.53,66.53,62.03,66.53,82.53,82.53,82.53,66.53,62.03,62.03
2005-04-24,64.53,64.53,64.53,64.53,64.53,64.53,64.53,64.53,64.53,64.53,64.53,64.53,65.53,64.53,64.53,64.53,64.53,64.53,65.53,72.53,72.53,65.53,65.53,64.53
2005-04-25,57.53,57.53,57.53,57.53,57.53,65.53,66.23,66.23,66.23,66.23,66.23,66.23,66.23,66.23,66.23,66.23,66.23,66.23,67.53,92.53,67.53,66.23,66.23,62.53
2005-04-26,61.55,61.53,61.53,61.53,61.55,61.55,61.63,61.63,61.63,65.53,65.53,67.53,65.53,65.53,65.53,65.53,65.53,65.53,77.53,88.98,67.53,65.53,61.63,61.55
2005-04-27,61.55,61.53,61.53,61.53,61.55,61.55,65.53,65.53,69.53,69.53,69.53,69.53,69.53,69.53,69.53,69.53,69.53,69.53,71.53,82.57,71.53,69.53,61.55,61.55
2005-04-28,60.53,57.53,57.53,57.53,60.53,61.55,61.55,61.55,69.53,69.53,69.03,69.53,69.03,62.53,69.53,69.53,69.53,69.53,71.53,78.14,69.53,69.53,61.55,61.53
2005-04-29,60.53,60.53,60.53,60.53,60.53,69.13,69.13,69.13,69.13,69.13,69.53,69.53,69.53,69.53,69.53,69.53,69.53,69.13,71.53,71.53,71.53,69.53,69.13,62.53
2005-04-30,62.03,62.03,62.03,62.03,62.03,62.03,62.03,62.52,67.53,69.33,77.53,77.53,77.53,69.33,69.33,69.33,69.33,69.33,69.33,73.53,69.33,69.33,67.53,62.03
2005-05-01,65.87,65.87,65.87,65.87,65.87,65.87,65.87,65.87,65.87,65.87,65.87,67.87,67.87,65.87,65.87,65.87,65.87,67.87,69.87,77.87,75.87,69.87,69.87,65.87
2005-05-02,65.77,65.77,65.77,65.77,65.77,67.87,67.87,67.87,67.87,67.87,68.87,68.87,68.87,67.87,67.87,68.87,68.87,68.87,103.26,77.87,77.87,68.87,67.87,67.87
2005-05-03,65.77,65.77,65.77,65.77,65.77,69.37,73.87,73.87,78.87,78.87,78.87,78.87,78.87,78.87,78.87,78.87,78.87,78.87,78.87,107.04,78.87,78.87,73.87,68.37
2005-05-04,68.77,68.77,68.77,68.77,68.77,69.17,69.17,69.17,70.87,78.97,78.97,78.97,78.97,72.87,78.97,78.97,78.97,78.97,82.86,102.87,78.97,78.97,69.17,69.17
2005-05-05,68.87,67.87,67.87,67.87,69.17,69.17,69.17,69.87,72.87,79.37,79.37,79.37,79.37,79.37,79.37,79.37,79.37,79.37,79.37,79.37,79.37,79.37,69.17,69.17
2005-05-06,69.17,69.17,69.17,69.17,69.17,69.37,69.37,69.37,69.37,69.37,69.37,69.87,69.37,69.37,69.37,69.37,69.37,69.37,82.87,82.87,82.86,69.87,69.37,69.17
2005-05-07,69.17,68.87,68.87,68.87,68.87,69.17,69.17,69.17,69.17,77.87,77.87,77.87,77.87,77.87,69.17,69.17,69.17,69.17,77.87,82.87,77.87,77.87,69.17,69.17
2005-05-08,69.87,69.87,69.17,69.17,69.17,69.17,69.17,69.87,69.87,77.87,77.87,77.87,77.87,69.87,69.87,69.87,69.87,69.87,77.87,78.87,77.87,77.87,77.87,69.87
2005-05-09,72.87,69.22,69.22,69.22,69.22,69.22,69.22,72.87,72.87,72.87,72.87,72.87,72.87,72.87,72.87,72.87,72.87,72.87,78.87,78.87,78.87,72.87,72.87,72.87
2005-05-10,70.87,70.87,70.87,70.87,70.87,71.87,71.87,72.87,72.87,72.87,72.87,72.87,72.87,72.87,72.87,72.87,72.87,72.87,83.87,96.59,83.87,72.87,71.87,70.87
2005-05-11,71.87,71.87,71.87,71.87,71.87,72.87,72.87,72.87,73.87,73.87,73.87,73.87,73.87,73.87,73.87,73.87,73.87,72.87,83.87,96.59,73.87,73.87,72.87,71.87
2005-05-12,66.87,66.87,66.87,66.87,66.87,71.88,71.88,71.88,71.88,72.87,72.87,72.87,72.87,72.87,72.87,71.88,71.88,71.88,72.87,85.87,72.87,72.87,71.88,71.88
2005-05-13,70.87,66.87,66.87,66.87,66.87,70.87,70.87,72.87,72.97,72.97,72.97,72.97,72.97,72.97,72.97,72.97,72.97,72.97,85.87,85.87,72.97,72.97,71.87,70.87
2005-05-14,67.87,66.87,66.87,66.87,66.87,67.87,67.87,67.87,67.87,70.87,70.87,70.87,70.87,70.87,67.87,67.87,67.87,70.87,71.87,71.87,71.87,70.87,70.87,67.87
2005-05-15,67.87,67.87,66.87,66.87,66.87,66.87,66.87,67.87,67.87,67.87,67.87,67.87,67.87,67.87,67.87,67.87,67.87,67.87,70.87,70.87,70.87,68.07,67.87,67.87
2005-05-16,29.63,29.63,29.63,29.63,29.63,29.63,29.63,35.55,61.87,61.87,67.87,67.87,66.87,61.87,67.87,67.87,67.87,67.87,87.87,87.87,87.87,67.87,57.87,29.63
2005-05-17,61.87,42.87,57.87,57.87,61.87,67.37,67.37,67.37,67.37,67.37,67.87,67.87,67.37,67.37,67.37,67.37,67.37,67.37,87.87,107.04,87.87,67.37,67.37,67.37
2005-05-18,59.87,58.87,59.87,59.87,59.87,67.37,67.37,67.37,67.37,67.37,67.37,67.37,67.37,67.37,67.37,67.37,67.37,67.37,89.87,89.87,67.37,67.37,67.37,61.87
2005-05-19,59.37,56.87,56.87,56.87,59.37,59.37,61.87,61.87,61.87,67.37,67.37,67.37,67.37,61.87,66.87,66.87,67.37,67.37,72.87,107.04,72.87,67.37,61.87,59.37
2005-05-20,56.87,56.87,56.87,56.87,56.87,65.87,65.87,65.87,65.87,65.87,65.87,65.87,65.87,65.87,65.87,65.87,65.87,65.87,67.57,72.87,67.57,65.87,65.87,57.87
2005-05-21,55.87,29.63,29.63,29.63,29.63,55.87,55.87,57.87,62.87,62.87,62.87,62.87,62.87,62.87,62.87,62.87,62.87,62.87,72.87,72.87,72.87,62.87,62.87,55.87
2005-05-22,62.87,62.87,62.87,62.87,62.87,62.87,62.87,62.87,62.87,62.87,64.37,64.37,64.37,64.37,62.87,62.87,62.87,62.87,66.87,67.87,67.87,64.37,64.37,62.87
2005-05-23,62.87,62.87,62.87,62.87,62.87,63.87,63.87,63.87,63.87,66.87,66.87,67.87,66.87,63.87,66.87,66.87,66.87,67.87,73.37,73.37,72.87,67.87,63.87,62.87
2005-05-24,59.77,59.77,59.77,59.77,59.77,65.87,65.87,66.37,66.37,66.37,66.37,72.87,66.37,66.37,66.37,66.37,72.87,72.87,81.86,97.06,78.87,66.37,66.37,61.87
2005-05-25,63.87,63.87,63.87,63.87,63.87,63.87,68.87,68.87,68.87,68.87,68.87,72.87,68.87,68.87,68.87,68.87,68.87,68.87,77.87,78.87,77.87,68.87,68.87,63.87
2005-05-26,65.97,65.97,65.97,65.97,65.97,68.87,68.87,73.87,73.87,73.87,73.87,76.87,73.87,72.87,73.87,73.87,73.87,72.87,76.87,82.86,76.87,76.87,68.87,68.87
2005-05-27,68.87,65.87,65.87,68.87,68.87,68.87,68.87,76.77,76.77,76.87,76.87,76.87,76.87,76.77,76.77,76.77,76.77,76.77,78.87,78.87,78.87,76.77,72.87,68.87
2005-05-28,67.87,64.87,64.87,64.87,64.87,67.87,67.87,68.87,68.87,68.87,68.87,68.87,68.87,68.87,68.87,68.87,68.87,68.87,76.87,76.97,76.97,76.87,68.87,68.87
2005-05-29,69.87,69.87,69.87,69.87,67.87,67.87,69.87,69.87,69.87,69.87,69.87,69.87,69.87,69.87,69.87,69.87,69.87,69.87,74.87,75.87,74.87,74.87,74.87,69.87
2005-05-30,67.87,67.87,67.87,67.87,67.87,67.87,67.87,67.87,67.87,67.87,67.87,69.87,69.87,69.87,67.87,67.87,67.87,67.87,69.87,75.87,75.37,69.87,69.87,67.87
2005-05-31,66.87,66.87,66.87,66.87,66.87,67.37,68.37,68.37,68.37,68.37,68.87,68.87,68.87,68.37,68.87,68.87,68.87,68.37,68.87,75.87,68.87,68.87,68.37,67.37
2005-06-01,65.49,65.49,65.49,65.49,65.49,66.89,66.89,66.89,66.99,66.99,66.99,67.99,67.99,66.99,67.99,67.99,67.99,67.99,67.99,83.49,67.99,67.99,66.89,66.89
2005-06-02,64.49,62.49,62.49,62.49,64.49,66.9,66.9,66.9,66.9,66.94,66.94,66.94,66.94,66.94,66.94,66.94,66.94,66.9,66.94,83.49,66.94,66.94,66.9,66.49
2005-06-03,53.49,53.49,53.49,53.49,53.49,63.49,63.49,63.49,66.49,66.49,66.49,66.49,66.49,65.99,66.49,66.49,66.49,65.99,67.49,72.49,67.49,66.49,63.49,63.49
2005-06-04,47.49,47.49,47.49,47.49,47.49,47.49,51.49,51.49,51.49,53.49,53.49,53.49,53.49,53.49,51.49,51.49,51.49,51.49,72.49,73.49,72.49,53.49,51.49,51.49
2005-06-05,50.99,50.99,44.49,44.49,44.49,44.49,44.49,50.99,50.99,50.99,50.99,50.99,50.99,50.99,50.99,50.99,50.99,50.99,65.49,66.49,65.49,65.49,50.99,50.99
2005-06-06,42.39,42.39,42.39,42.39,42.39,42.39,42.39,42.39,51.49,51.49,51.49,51.49,51.49,51.49,51.49,51.49,51.49,51.49,64.49,71.99,64.49,64.49,51.49,42.39
2005-06-07,30.49,30.49,30.49,30.49,30.49,32.99,32.99,32.99,37.49,37.49,64.49,64.49,37.49,37.49,37.49,37.49,37.49,37.49,73.49,73.49,64.49,37.49,32.99,32.99
2005-06-08,32.49,32.49,32.49,32.49,32.49,62.49,63.49,63.49,63.49,64.49,64.49,73.49,64.49,64.49,64.49,64.49,64.49,64.49,85.49,88.21,85.49,64.49,63.49,62.49
2005-06-09,61.49,59.49,59.49,59.49,59.49,61.99,61.99,63.49,64.49,64.49,64.49,64.49,64.49,64.49,64.49,64.49,64.49,64.49,67.49,86.49,67.49,64.49,61.99,61.49
2005-06-10,32.49,31.49,31.49,31.49,32.49,32.49,42.72,57.49,63.49,63.49,64.49,64.49,63.49,63.49,63.49,63.49,63.49,64.49,70.49,72.49,70.49,64.49,57.49,32.49
2005-06-11,31.44,31.44,31.44,31.44,31.44,31.44,32.49,32.49,32.49,32.49,32.49,60.49,60.49,32.49,32.49,32.49,32.49,32.49,64.49,70.49,64.49,63.49,32.49,31.44
2005-06-12,33.49,33.49,33.49,33.49,33.49,33.49,33.49,33.49,33.49,33.49,33.49,59.49,59.49,59.49,33.49,33.49,33.49,33.49,63.49,64.49,64.49,63.49,63.49,33.49
2005-06-13,32.49,32.49,32.49,32.49,32.49,33.54,33.54,33.54,63.49,63.99,65.49,65.49,63.99,63.99,63.99,63.99,63.99,63.99,85.49,86.49,85.49,65.49,62.49,33.54
2005-06-14,56.49,33.54,56.49,33.54,56.49,56.49,57.49,57.49,58.49,62.49,63.49,65.49,62.49,62.49,63.49,63.49,62.49,62.49,65.49,85.49,65.49,65.49,57.49,56.49
2005-06-15,56.99,56.99,56.99,56.99,56.99,56.99,59.49,59.49,59.49,59.49,59.49,59.49,59.49,59.49,59.49,59.49,59.49,59.49,65.49,73.49,65.49,59.49,59.49,56.99
2005-06-16,54.49,32.49,32.49,32.49,54.49,58.99,59.49,59.49,59.49,59.49,64.49,64.49,59.49,59.49,64.49,64.49,64.49,64.49,72.49,73.49,65.49,64.49,59.49,55.49
2005-06-17,51.49,47.49,47.49,47.49,51.49,51.49,51.49,57.49,62.49,62.49,62.49,62.49,62.49,62.49,62.49,62.49,57.49,57.49,65.49,73.49,65.49,65.49,62.49,54.49
2005-06-18,53.49,53.49,53.49,53.49,53.49,53.49,53.49,53.49,53.49,61.49,61.49,61.49,61.49,53.49,53.49,53.49,53.49,53.49,65.49,73.49,65.49,62.49,53.49,53.49
2005-06-19,53.59,53.59,53.59,53.59,53.59,53.59,53.59,53.59,53.59,53.59,56.59,56.59,56.59,56.59,53.59,53.59,53.59,53.59,56.59,61.49,61.49,56.59,56.59,53.59
2005-06-20,53.59,53.59,53.59,53.59,53.59,53.59,56.49,56.59,56.59,56.59,57.49,57.49,56.59,56.59,56.59,56.59,56.59,56.59,73.49,73.49,73.49,57.49,56.59,56.49
2005-06-21,56.49,56.49,56.49,56.49,56.49,67.49,67.49,67.49,67.49,67.49,67.49,69.49,67.49,67.49,67.49,67.49,67.49,67.49,70.49,70.49,69.49,67.49,67.49,56.49
2005-06-22,62.49,55.49,55.49,55.49,55.49,62.49,66.49,69.49,69.49,70.49,70.49,70.49,70.49,69.99,69.99,70.49,69.49,69.49,92.49,92.49,92.49,70.49,67.49,62.49
2005-06-23,48.49,29.56,29.56,29.56,29.56,61.49,67.49,69.49,92.49,92.49,92.49,92.49,92.49,92.49,92.49,92.49,92.49,92.49,92.49,93.49,92.49,92.49,69.49,61.49
2005-06-24,60.49,60.49,60.49,60.49,60.49,60.99,64.99,64.99,64.99,67.49,67.49,67.49,67.49,64.99,67.49,67.49,64.99,64.99,77.49,93.49,77.49,67.49,64.99,64.99
2005-06-25,59.49,58.49,58.49,58.49,58.49,59.49,59.49,59.49,59.49,60.49,62.39,62.39,62.39,60.49,59.49,59.49,59.49,59.49,62.39,72.49,64.89,62.39,60.49,59.49
2005-06-26,58.49,58.09,58.09,58.09,58.09,58.09,58.09,58.09,58.49,58.49,58.49,58.49,58.49,58.49,58.49,58.49,58.49,58.49,59.49,64.89,61.49,59.49,58.49,58.49
2005-06-27,52.49,52.49,52.49,52.49,52.49,57.99,57.99,58.49,60.49,72.59,72.59,72.59,72.59,72.59,72.59,72.59,72.59,72.59,72.59,82.48,72.59,72.59,60.49,57.99
2005-06-28,55.49,47.49,47.49,47.49,48.49,58.49,59.49,66.49,71.49,71.49,71.49,71.49,71.49,71.49,71.49,71.49,71.49,71.49,71.49,73.49,71.49,71.49,66.49,59.49
2005-06-29,58.49,58.49,58.49,58.49,58.49,62.49,65.49,69.49,71.49,71.49,71.49,71.49,71.49,71.49,71.49,71.49,71.49,71.49,71.49,71.49,71.49,69.49,65.49,58.49
2005-06-30,46.99,46.99,46.99,46.99,46.99,46.99,47.49,58.49,64.49,64.49,64.49,69.49,64.49,64.49,64.49,64.49,64.49,58.49,69.49,73.49,69.49,64.49,58.49,46.99
2005-07-01,56.4,56.4,56.4,56.4,56.4,56.4,56.4,57.9,61.89,61.89,62.9,62.9,62.9,62.9,62.9,62.9,61.89,61.89,62.9,66.9,62.9,62.9,61.89,56.4
2005-07-02,56.9,56.9,56.9,56.9,56.9,56.9,56.9,58.9,58.9,61.9,61.9,61.9,62.9,61.9,61.9,58.9,58.9,58.9,62.9,62.9,62.9,62.9,61.9,58.9
2005-07-03,57.9,57.9,57.9,57.9,57.9,57.9,57.9,57.9,57.9,57.9,62.9,62.9,62.9,62.9,57.9,57.9,57.9,57.9,62.9,66.9,66.9,62.9,62.9,57.9
2005-07-04,62.9,62.9,62.9,62.9,62.9,62.9,62.9,62.9,62.9,64.9,64.9,64.9,64.9,64.9,64.9,64.9,62.9,64.9,64.9,66.9,66.9,64.9,64.9,62.9
2005-07-05,56.9,56.8,56.8,56.8,56.9,56.9,63.9,63.9,65.4,65.4,65.4,65.4,65.4,65.4,65.4,65.4,65.4,65.4,66.9,66.9,66.8,65.4,63.9,63.9
2005-07-06,64.9,64.9,64.9,64.9,64.9,64.9,65.4,65.4,66.75,66.75,71.9,71.9,71.9,66.75,71.9,71.9,71.9,71.9,71.9,76.9,71.9,71.9,65.4,65.4
2005-07-07,65.4,65.2,65.2,65.2,65.2,65.4,65.4,65.4,67.9,67.9,68.9,69.9,68.9,67.9,68.9,68.9,68.9,69.9,71.9,78.9,71.9,69.9,67.9,65.4
2005-07-08,65.4,65.2,65.4,65.2,65.4,65.4,65.4,67.8,67.8,67.8,67.8,67.9,67.8,67.8,67.8,67.8,67.8,67.8,67.9,80.89,67.9,67.8,67.8,65.4
2005-07-09,67.9,67.9,67.9,67.9,67.9,67.9,67.9,68,70.9,72.9,72.9,72.9,72.9,72.9,68,68,68,68,72.9,96.9,78.9,72.9,68,68
2005-07-10,77.9,76.9,76.9,76.9,76.9,76.9,76.9,77.9,77.9,77.9,77.9,77.9,77.9,77.9,77.9,77.9,77.9,77.9,83.9,83.9,83.9,83.9,77.9,77.9
2005-07-11,77.9,77.9,77.9,77.9,77.9,77.9,80.9,83.9,83.9,96.9,83.9,86.9,83.9,83.9,83.9,83.9,83.9,83.9,96.9,129.03,96.9,83.9,83.9,77.9
2005-07-12,77.9,77.9,77.9,77.9,77.9,78.4,78.4,78.4,96.9,96.9,91.9,84.9,78.4,78.4,84.9,84.9,84.9,84.9,96.9,106.9,96.9,84.9,78.4,77.9
2005-07-13,79.9,79.9,79.9,79.9,79.9,81.89,96.9,96.9,106.9,102.9,106.9,106.9,102.9,102.9,102.9,102.9,102.9,108.9,108.9,129.03,108.9,108.9,96.9,79.9
2005-07-14,86.9,86.9,86.9,86.9,86.9,91.9,91.9,91.9,107.9,107.9,126.94,107.9,107.9,106.9,107.9,107.9,107.9,107.9,129.03,131.9,131.9,107.9,91.9,91.9
2005-07-15,86.9,86.9,86.9,86.9,86.9,91.9,91.9,91.9,126.94,111.9,111.9,126.94,111.9,91.9,96.9,91.9,91.9,91.9,111.9,141.9,129.03,91.9,91.9,78.9
2005-07-16,91.4,91.4,91.4,91.4,91.4,91.4,91.4,91.4,94.9,94.9,94.9,94.9,94.9,94.9,94.9,94.9,91.4,91.4,94.9,110.9,110.9,94.9,91.4,91.4
2005-07-17,91.4,91.4,91.4,91.4,91.4,91.4,91.4,91.4,94.89,91.4,91.4,91.4,91.4,91.4,91.4,91.4,91.4,91.4,94.9,116.9,110.9,94.9,94.9,91.4
2005-07-18,94.8,94.8,94.8,94.8,94.8,94.8,94.9,94.9,94.9,96.9,94.9,94.9,94.9,94.9,94.9,94.9,94.9,94.9,117.9,117.9,117.9,94.9,94.9,94.8
2005-07-19,85.9,85.9,85.9,85.9,85.9,85.9,85.9,85.9,90.23,90.23,90.23,85.9,85.9,85.9,85.9,85.9,85.9,85.9,94.9,96.9,94.9,85.9,85.9,85.9
2005-07-20,88.9,88.9,88.9,88.9,88.9,88.9,85.9,88.9,88.9,88.9,88.9,88.9,88.9,88.9,88.9,85.9,85.9,88.9,88.9,90.9,90.9,88.9,88.9,88.9
2005-07-21,66.9,65.9,65.9,28.24,31.71,75.9,76.7,76.7,77.4,77.4,77.4,77.4,77.4,77.4,77.4,77.4,77.4,77.4,77.4,90.9,90.9,77.4,77.4,75.9
2005-07-22,61.9,61.9,61.9,61.9,61.9,73.9,73.9,73.9,75.19,76.6,76.7,76.7,76.7,76.7,76.7,76.7,76.7,76.6,76.7,76.9,76.7,76.7,73.9,73.9
2005-07-23,71.89,66.9,66.9,66.9,66.9,71.89,71.89,73.9,75.2,75.2,75.2,75.2,75.2,75.2,75.2,73.9,73.9,73.9,75.2,91.9,76.9,75.2,75.2,73.9
2005-07-24,74.9,74.9,74.9,74.9,74.9,74.9,74.9,74.9,74.9,74.9,74.9,74.9,74.9,74.9,74.9,74.9,74.9,74.9,75.2,75.4,75.2,75.2,74.9,74.9
2005-07-25,74.8,71.89,71.9,71.89,74.8,74.8,74.9,74.9,75.3,75.3,75.3,75.3,75.3,75.3,75.3,75.3,75.3,75.3,75.4,91.9,90.9,75.3,75.3,74.9
2005-07-26,71.89,70.9,70.9,70.9,70.9,73.9,73.9,73.9,74.81,74.81,74.81,74.81,74.81,74.81,74.81,74.81,74.81,74.81,74.81,75.4,74.81,74.81,73.9,71.89
2005-07-27,71.89,70.9,71.89,71.89,71.89,71.9,71.9,71.9,73.9,73.9,73.9,73.9,73.9,73.9,73.9,73.9,73.9,72.9,73.9,81.89,75.4,73.9,71.9,71.9
2005-07-28,73.9,73.9,73.9,73.9,73.9,75.4,75.9,75.9,75.9,75.9,75.9,75.9,75.9,75.9,75.9,75.9,75.9,75.9,89.9,89.9,89.9,75.9,75.9,73.9
2005-07-29,70.9,70.9,70.9,70.9,70.9,71.89,71.89,71.89,73.9,73.9,73.9,73.9,73.9,73.9,73.9,73.9,73.9,73.9,73.9,75.4,73.9,73.9,71.89,71.89
2005-07-30,71.89,71.89,71.89,71.89,71.89,71.89,71.89,73.8,73.9,73.9,73.9,73.9,73.9,73.9,73.9,73.9,73.8,73.9,73.9,86.8,86.8,73.9,73.9,73.8
2005-07-31,71.89,71.89,71.89,71.89,71.89,71.89,71.89,71.89,71.89,71.89,71.89,71.89,71.89,71.89,71.89,71.89,71.89,71.89,71.89,73.9,73.9,71.89,71.89,71.89
2005-08-01,68.4,68.4,68.4,68.4,68.4,71.5,71.5,72.49,72.5,72.5,72.5,72.5,72.5,72.5,72.5,72.5,72.5,72.5,72.5,87.5,72.5,72.5,71.5,68.4
2005-08-02,71.5,71.49,71.49,71.49,71.49,71.6,71.6,71.6,72.5,72.5,72.5,81.49,72.5,72.5,72.5,72.5,72.5,72.5,92.5,107.5,92.5,92.5,71.6,71.6
2005-08-03,69.6,67.5,69.6,69.6,69.6,69.6,69.6,69.6,71.5,72.5,72.5,72.5,72.5,71.5,71.5,71.5,71.5,71.5,72.5,107.4,72.5,71.5,69.6,69.6
2005-08-04,72.5,72.5,72.5,72.5,72.5,79.5,83.5,83.5,83.5,92.5,92.5,92.5,83.5,83.5,83.5,83.5,83.5,83.5,92.5,99.35,92.5,92.5,83.5,72.5
2005-08-05,72.5,70.5,70.5,72.5,72.5,72.5,72.5,72.5,84.08,104.5,104.5,104.5,104.5,104.5,104.5,104.5,104.5,104.5,104.5,104.5,104.5,104.5,72.5,72.5
2005-08-06,72,72,72,72,72,72,72,72,72.5,72.5,72.5,72.5,72.5,72.5,72.5,72.5,72,72,72.5,99.35,72.5,72.5,72.5,72
2005-08-07,71.5,71.5,71.5,71.5,71.5,71.5,71.5,71.5,71.5,72.5,72.5,72.5,72.5,72.5,72.5,72.5,71.5,72.5,77.5,77.5,77.5,77.5,72.5,72.5
2005-08-08,71.5,71.5,71.5,71.5,71.5,72.5,72.5,72.5,73,73,73,73,73,73,73,73,73,73,73,107.4,73,73,72.5,72.5
2005-08-09,72.5,72.5,72.5,72.5,72.5,72.5,73.5,73.5,82.5,82.5,82.5,82.5,82.5,82.5,82.5,82.5,82.5,82.5,99.35,127.5,82.5,82.5,72.5,72.5
2005-08-10,81.5,81.5,81.5,81.5,81.5,81.5,83.5,83.5,83.5,84.5,84.5,84.5,83.5,83.5,83.5,83.5,83.5,83.5,84.5,107.4,84.5,83.5,81.5,81.5
2005-08-11,83.5,83.5,83.5,83.5,83.5,92.4,92.5,92.5,103.5,103.5,103.5,103.5,103.5,103.5,103.5,103.5,103.5,103.5,103.5,107.4,103.5,103.5,99.35,83.5
2005-08-12,84.5,83.6,83.6,83.6,83.6,107,107,107,107,107,107,107.4,107,107,107,107,107,107,107.4,127.5,107,107,107,84.5
2005-08-13,84,84,84,84,84,84,84,84,84.4,84.4,84.5,84.5,84.4,84.4,84,84,84,84,84.5,107.4,84.5,84.4,84,84
2005-08-14,83.5,83.5,83.5,83.5,83.5,83.5,83.5,83.5,83.5,91.5,91.5,91.5,91.5,91.5,84.54,83.5,83.5,83.5,97.5,97.5,97.5,97.5,91.5,83.5
2005-08-15,87.5,87.5,87.5,87.5,87.5,87.5,87.5,87.5,87.5,88.5,88.5,88.5,92.5,88.5,87.5,87.5,87.5,88.5,93.5,96.89,93.5,93.5,87.5,87.5
2005-08-16,84,68.5,75.5,75.5,84,96.5,96.5,96.5,96.5,96.5,96.5,96.89,96.5,96.5,96.5,96.5,96.5,96.5,97.5,117.5,97.5,96.5,96.5,88
2005-08-17,84,84,84,84,84,84.5,84.54,92.5,98.5,98.5,98.5,98.5,98.5,98.5,98.5,98.5,98.5,98.5,98.5,108.41,98.5,98.5,92.4,84.5
2005-08-18,84,75.5,78.39,78.39,84,86.5,86.6,86.6,86.6,86.6,86.6,86.6,86.6,86.6,86.6,86.6,86.6,86.6,93.5,108.41,93.5,86.6,86.6,85.5
2005-08-19,84,77.48,77.48,77.48,84,87.5,87.5,87.5,87.5,102.54,107.55,107.55,107.55,87.5,107.55,107.55,87.5,87.5,107.55,108.41,107.55,107.55,87.5,84.5
2005-08-20,87.4,84,84,84,84,87.4,87.4,87.4,87.4,87.4,87.5,87.5,87.5,87.5,87.4,87.4,87.4,87.4,87.5,107.5,87.5,87.5,87.4,87.4
2005-08-21,83.9,83.9,83.9,83.9,83.9,83.9,83.9,83.9,83.9,83.9,83.9,84,84,83.9,83.9,83.9,83.9,83.9,84.4,87.5,108,108,87.5,84.4
2005-08-22,77.48,27.66,27.66,27.66,62.5,82.5,84.4,84.4,84.4,84.4,85.5,86.5,85.5,84.4,84.4,84.4,85.5,85.5,125.5,125.5,125.5,86.5,84.4,82.5
2005-08-23,81.5,77.48,77.48,77.48,81.5,81.5,82.5,82.5,107.5,107.5,107.5,107.5,107.5,107.5,107.5,107.5,107.5,107.5,107.5,107.5,107.5,107.5,107.5,81.5
2005-08-24,80.5,80.5,80.5,80.5,80.5,81.5,81.5,81.5,97.5,97.5,97.5,97.5,81.5,81.5,81.5,97.5,97.5,97.5,105.5,105.5,105.5,105.5,81.5,80.5
2005-08-25,77.5,76.39,77.48,77.48,77.48,80.5,80.5,80.5,81.5,81.5,81.5,87.5,81.5,81.5,81.5,81.5,81.5,81.5,95.5,95.5,95.5,87.5,81.5,80.5
2005-08-26,77.5,77.5,77.5,77.5,77.5,82.5,82.5,82.5,82.5,82.5,82.5,82.5,82.5,82.5,82.5,82.5,82.5,82.5,96.5,105.1,96.5,82.5,82.5,82.5
2005-08-27,77.5,77.5,77.5,77.5,77.5,77.5,79.5,84.5,84.5,84.5,84.5,84.5,84.5,84.5,84.5,84.5,84.5,84.5,96.5,104.32,96.5,87.5,84.5,84.5
2005-08-28,88,88,88,88,88,88,88,88,88,88,88,88,88,88,88,88,88,88,88.5,92.5,92.5,88.5,88.5,88
2005-08-29,77.48,77,77,77,77.48,77.5,77.5,77.5,95.5,95.5,95.5,95.5,95.5,95.5,95.5,95.5,95.5,95.5,95.5,96.5,95.5,95.5,77.5,77.5
2005-08-30,77.5,77.5,77.5,77.5,77.5,80.5,80.5,80.5,80.5,80.5,96.5,97.5,96.5,80.5,80.5,96.5,96.5,96.5,97.5,97.5,97.5,96.5,80.5,77.5
2005-08-31,96.5,82.5,82.5,82.5,82.5,96.5,97.5,97.5,97.5,97.5,99.5,99.5,97.5,97.5,97.5,97.5,97.5,99.5,99.5,102.5,99.5,99.5,97.5,96.5
2005-09-01,86.75,86.75,89.25,89.25,89.25,89.25,90.75,90.75,90.75,90.75,94.75,94.75,90.75,90.75,90.75,90.75,90.75,90.75,102.75,102.75,101.75,94.75,90.75,89.25
2005-09-02,89.25,89.25,89.25,89.25,89.25,94.75,94.75,94.75,101.75,101.75,101.75,101.75,101.75,101.75,101.75,101.75,101.75,101.75,102.75,102.75,102.75,101.75,94.75,89.25
2005-09-03,93.75,93.75,91.75,91.75,93.75,93.75,93.75,94.75,95.75,95.75,95.75,95.75,95.75,94.75,94.75,93.75,93.75,94.75,95.75,95.75,95.75,95.75,94.75,93.75
2005-09-04,93.85,93.85,93.85,93.85,93.85,93.85,93.85,93.85,93.85,93.85,96.25,96.25,96.25,96.25,93.85,93.85,93.85,96.25,97.75,97.75,97.75,96.75,96.25,93.85
2005-09-05,92.75,92.75,92.75,92.75,92.75,94.25,94.25,94.25,99.75,99.75,99.75,99.75,99.75,99.75,99.75,99.75,99.75,99.75,102.75,106.75,102.75,99.75,94.25,94.25
2005-09-06,85.73,73.72,73.72,73.72,83.94,90.75,91.75,91.75,91.75,91.75,95.75,95.75,95.75,91.75,95.75,91.75,95.75,95.75,100.25,100.25,100.25,100.25,91.75,90.75
2005-09-07,88.75,86.75,86.75,86.75,88.75,89.75,89.75,89.75,89.75,89.75,89.75,90.75,90.75,89.75,89.75,89.75,89.75,89.75,95.75,116.75,95.75,90.75,89.75,89.75
2005-09-08,87.75,87.75,87.75,87.75,87.75,88.75,89.75,89.75,89.75,89.75,89.75,89.75,89.75,89.75,89.75,89.75,89.75,89.75,116.75,186.75,96.75,89.75,89.75,87.75
2005-09-09,83.75,83.75,83.75,83.75,83.75,86.75,86.75,86.75,88.75,88.75,88.75,88.75,88.75,88.75,88.75,88.75,88.75,88.75,116.75,186.75,116.75,101.75,87.75,83.75
2005-09-10,86.75,86.75,86.75,86.75,86.75,86.75,88.55,88.55,88.55,88.55,88.75,88.75,88.75,88.75,88.55,88.55,88.55,88.55,101.75,101.75,101.75,88.75,88.55,88.55
2005-09-11,88.55,88.55,88.55,88.55,88.55,88.55,88.55,88.55,88.55,89.75,89.75,89.75,89.75,89.75,88.55,88.55,88.55,89.75,96.75,96.75,96.75,96.75,92.75,88.55
2005-09-12,85.73,83.64,83.64,85.73,85.73,88.75,88.85,88.85,93.75,93.75,93.75,93.75,93.75,93.75,93.75,93.75,93.75,93.75,106.75,96.75,93.75,93.75,88.85,88.75
2005-09-13,88.75,87.85,87.85,87.85,88.75,93.75,93.75,93.75,93.75,93.75,94.75,94.75,93.75,93.75,93.75,93.75,93.75,94.75,111.75,111.75,106.75,93.75,93.75,88.75
2005-09-14,87.85,87.85,87.85,87.85,87.85,93.75,93.75,93.75,93.75,93.75,94.75,94.75,94.75,93.75,93.75,93.75,93.75,94.75,104.75,104.75,94.75,93.75,93.75,88.75
2005-09-15,87.85,87.85,87.85,87.85,87.9,87.9,87.9,87.9,88.75,88.75,88.75,88.75,88.75,88.75,88.75,88.75,88.75,88.75,104.75,104.75,94.75,88.75,87.9,87.85
2005-09-16,86.75,86.75,86.75,86.75,86.75,87.75,87.8,87.8,87.8,87.8,87.8,87.8,87.8,87.8,87.8,87.8,87.8,87.8,87.8,87.85,87.8,87.8,87.65,86.75
2005-09-17,76.75,76.75,76.75,76.75,76.75,76.75,76.75,85.75,86.75,86.75,86.75,86.75,86.75,86.75,86.75,86.75,86.75,86.75,87.25,87.25,86.75,86.75,85.73,85.73
2005-09-18,83.75,83.75,83.75,83.75,83.75,83.75,83.75,83.75,83.75,84.75,85.73,85.73,85.73,84.75,83.75,83.75,83.75,83.75,86.7,86.7,86.7,86.7,84.75,84.75
2005-09-19,83.75,83.75,83.75,83.75,83.75,94.75,94.75,95.75,95.75,95.75,95.75,95.75,95.75,95.75,95.75,95.75,100.11,95.75,100.11,104.21,95.75,95.75,87.75,83.75
2005-09-20,85.25,83.75,83.75,85.25,85.25,85.25,86.73,87.75,91.75,91.75,91.75,97.75,91.75,91.75,91.75,91.75,87.75,91.75,97.75,97.75,97.75,91.75,85.25,85.25
2005-09-21,86.73,85.75,85.75,85.75,85.75,92.25,92.25,92.25,96.75,92.25,96.75,97.75,92.25,92.25,92.25,92.25,92.25,92.25,101.75,101.75,97.75,92.25,86.73,85.75
2005-09-22,82.75,82.75,82.75,82.75,82.75,83.75,83.75,83.75,86.73,86.73,86.73,86.73,83.75,83.75,83.75,83.75,83.75,83.75,101.75,97.75,97.75,83.75,83.75,82.75
2005-09-23,82.75,76.75,76.75,76.75,82.75,83.75,82.75,82.75,82.75,82.75,82.75,82.75,82.75,82.75,82.75,82.75,82.75,83.75,97.75,97.75,86.73,83.75,82.75,76.75
2005-09-24,76.75,76.75,76.73,76.73,76.73,76.75,76.75,76.75,82.75,82.75,76.75,76.75,76.75,76.75,76.75,76.75,76.75,76.75,86.75,94.75,86.75,86.65,82.75,76.75
2005-09-25,75.75,75.75,75.75,75.75,75.75,75.75,71.75,75.75,75.75,75.75,75.75,75.75,75.75,75.75,75.75,75.75,75.75,75.75,86.75,91.75,86.75,75.75,75.75,75.75
2005-09-26,70.75,69.25,69.25,69.25,71.75,71.95,71.95,71.95,86.75,86.75,86.75,86.75,71.95,71.95,71.95,71.95,71.95,71.95,106.75,106.75,97.03,71.95,71.95,71.75
2005-09-27,68.35,68.35,68.35,68.35,68.35,68.75,68.75,71.75,71.75,71.75,71.75,71.75,71.75,71.75,71.75,71.75,71.75,71.75,97.75,97.75,86.75,71.75,68.75,68.35
2005-09-28,68.75,68.75,68.75,68.75,68.75,70.75,71.75,71.75,86.75,86.75,88.75,88.75,88.75,86.75,88.75,88.75,88.75,88.75,97.03,97.03,88.75,88.75,71.75,69.75
2005-09-29,68.27,68.27,68.27,68.27,68.27,68.75,68.75,68.75,70.55,70.55,70.75,70.75,70.75,70.55,70.55,70.55,70.55,70.55,116.75,116.75,97.03,70.55,68.75,68.27
2005-09-30,63.75,56.75,56.75,56.75,63.75,68.27,68.27,68.27,68.65,68.27,68.75,70.75,68.75,68.75,68.75,68.75,68.75,68.75,116.75,116.75,70.75,68.65,68.27,68.27
2005-10-01,63.33,63.33,63.33,63.33,63.33,63.33,63.33,64.43,69.43,71.43,71.43,71.43,71.43,69.43,69.43,69.43,69.43,69.43,97.71,97.71,71.43,69.13,64.43,63.33
2005-10-02,69.93,67.43,63.33,63.33,63.33,63.33,63.33,63.33,67.43,69.93,69.93,69.93,69.93,69.93,69.93,69.93,69.93,69.93,73.43,73.43,72.43,71.43,69.93,69.93
2005-10-03,61.43,61.43,61.43,61.43,61.43,67.43,70.43,70.43,70.43,70.43,70.43,70.43,70.43,70.43,70.43,70.43,70.43,70.43,109.83,109.83,92.43,70.43,70.43,62.43
2005-10-04,27.58,27.58,27.58,27.58,27.58,62.43,62.43,56.43,67.13,67.13,67.43,67.43,67.13,67.13,67.43,67.13,67.43,67.43,92.43,92.43,71.43,67.13,62.43,27.58
2005-10-05,62.33,62.33,62.33,62.33,62.33,67.43,71.43,71.43,72.93,72.93,72.93,72.93,72.93,72.93,72.93,72.93,72.93,72.93,109.83,109.83,72.93,72.93,71.43,62.43
2005-10-06,62.53,62.53,62.53,62.53,62.53,67.43,71.43,72.43,76.43,76.43,76.43,76.43,76.43,76.43,76.43,76.43,76.43,76.43,109.83,82.43,82.43,76.43,71.43,62.53
2005-10-07,69.43,69.43,69.43,69.43,69.43,69.43,70.43,70.43,70.43,70.43,71.43,77.42,71.43,71.43,70.43,70.43,70.43,71.43,108.84,82.43,77.43,71.43,70.43,70.43
2005-10-08,70.93,70.93,70.93,70.93,70.93,70.93,74.43,74.43,74.43,74.43,74.43,74.43,74.43,74.43,74.43,74.43,74.43,74.43,77.43,77.43,77.43,75.93,74.43,74.43
2005-10-09,75.83,75.83,75.83,75.83,75.83,75.83,75.83,75.83,75.83,75.83,75.83,75.83,75.83,75.83,75.83,75.83,75.83,75.83,77.43,77.43,77.43,75.83,75.83,75.42
2005-10-10,75.83,73.43,73.43,73.43,75.83,75.83,75.83,77.43,77.43,77.43,77.43,77.43,77.43,77.43,77.43,77.43,82.43,83.43,97.43,97.43,83.43,77.43,77.43,75.83
2005-10-11,77.43,77.43,77.43,77.43,77.43,86.93,86.93,86.93,86.93,86.93,86.93,86.93,86.93,86.93,86.93,86.93,86.93,87.43,109.83,109.83,87.43,87.43,86.93,81.43
2005-10-12,87.43,87.43,87.43,87.43,87.43,104.43,104.43,104.43,109.83,104.43,109.83,109.83,104.43,107.43,109.83,109.83,109.83,110.43,110.43,110.43,110.43,109.83,87.43,87.43
2005-10-13,77.43,77.43,77.43,77.43,77.43,87.43,87.43,103.43,103.43,103.43,103.43,103.43,103.43,103.43,103.43,103.43,103.43,103.43,109.83,109.83,103.43,103.43,87.43,77.43
2005-10-14,77.43,77.43,77.43,77.43,77.43,87.43,108.84,109.73,109.73,109.73,109.73,109.73,109.73,109.73,109.73,109.73,109.73,109.73,111.43,111.43,109.73,109.73,87.43,82.43
2005-10-15,107.43,86.43,86.43,86.43,86.43,87.16,107.32,107.43,110.43,110.43,110.43,110.43,110.43,110.43,110.43,110.43,110.43,110.43,111.33,111.33,111.33,110.43,110.43,107.43
2005-10-16,86.63,86.63,86.63,86.63,86.63,86.63,86.63,86.63,86.63,86.63,86.63,86.63,86.63,86.63,86.63,86.63,86.63,86.63,107.32,111.43,107.32,95.43,86.63,86.63
2005-10-17,89.43,89.43,89.43,87.43,87.43,89.43,89.43,89.43,89.43,89.43,89.43,89.43,89.43,89.43,89.43,89.43,89.43,89.43,111.43,111.43,107.32,89.43,89.43,89.43
2005-10-18,77.43,77.43,77.43,77.43,83.43,83.43,83.43,87.43,87.43,87.43,87.43,87.43,87.43,87.43,87.43,87.43,87.43,87.43,112.43,109.83,95.43,87.43,83.43,83.43
2005-10-19,82.43,82.43,82.43,82.43,82.43,83.43,83.43,83.43,87.43,87.43,87.43,87.43,87.43,87.43,87.43,87.43,87.43,87.43,112.43,112.43,87.43,87.43,83.43,83.43
2005-10-20,72.43,72.43,72.43,72.43,72.43,81.43,91.43,91.43,91.43,97.43,91.43,91.43,91.43,91.43,91.43,91.43,91.43,91.43,109.83,109.43,91.43,91.43,81.43,72.43
2005-10-21,72.43,72.43,72.43,72.43,72.43,81.43,84.43,84.43,91.43,91.43,91.43,91.43,91.43,91.43,91.43,91.43,91.43,91.43,108.84,102.43,91.43,91.43,84.43,81.43
2005-10-22,84.43,84.43,84.43,84.43,84.43,84.43,84.43,84.43,84.43,84.43,91.32,91.32,84.43,84.43,84.43,84.43,84.43,91.32,92.43,92.43,92.43,91.32,84.43,84.43
2005-10-23,83.43,83.43,83.43,83.43,83.43,83.43,83.43,83.43,83.43,84.43,84.43,84.43,84.43,84.43,84.43,83.43,83.43,84.43,108.43,108.43,84.43,84.43,84.43,83.43
2005-10-24,81.21,73.93,76.43,73.93,81.21,84.43,84.43,109.43,109.43,109.43,109.43,109.43,109.43,109.43,109.43,109.43,109.43,109.43,112.43,112.43,112.43,109.43,84.43,84.43
2005-10-25,66.43,57.43,57.43,57.43,57.43,76.43,83.43,83.43,83.43,83.43,83.43,83.43,83.43,83.43,83.43,83.43,83.43,83.43,84.43,84.43,84.43,83.43,83.43,66.43
2005-10-26,50.43,46.43,46.43,46.43,50.43,78.43,78.43,78.43,78.43,78.43,78.43,81.21,78.43,78.43,78.43,78.43,78.43,87.43,112.43,87.43,87.43,81.21,78.43,50.43
2005-10-27,77.43,73.83,49.43,49.43,49.43,77.43,78.43,78.43,78.43,78.43,78.43,78.43,78.43,78.43,78.43,78.43,78.43,78.43,87.43,87.43,87.43,78.43,78.43,77.43
2005-10-28,72.43,72.43,72.43,72.43,72.43,72.43,72.43,72.43,72.43,75.43,76.02,77.32,75.43,75.43,76.02,76.02,76.02,77.43,87.43,87.43,77.43,76.43,72.43,72.43
2005-10-29,62.43,62.43,62.43,62.43,62.43,62.43,75.43,75.53,75.53,75.53,75.53,75.53,75.53,75.53,75.53,75.53,75.53,75.53,75.53,75.53,75.53,75.53,75.53,62.43
2005-10-30,61.93,61.93,61.93,61.93,61.93,61.93,61.93,61.93,74.43,74.43,74.43,74.43,74.43,74.43,74.43,74.43,74.43,74.43,82.43,82.43,82.43,74.43,74.43,70.42
2005-10-31,56.43,29.98,29.98,56.43,56.43,57.43,57.43,57.43,67.43,67.43,67.43,67.43,67.43,67.43,67.43,67.43,67.43,67.43,110.24,67.43,67.43,67.43,57.43,57.43
2005-11-01,55.19,55.19,55.19,55.19,55.19,71.69,72.19,72.19,72.19,72.19,72.19,72.19,72.19,72.19,72.19,72.19,72.19,80.18,122.19,112.19,72.19,72.19,71.69,56.19
2005-11-02,67.19,67.19,67.19,67.19,67.19,67.19,67.19,67.19,72.19,72.19,72.19,72.19,72.19,72.19,72.19,72.19,72.19,72.19,111.56,72.19,72.19,72.19,67.19,67.19
2005-11-03,37.19,37.19,37.19,37.19,37.19,47.19,47.19,67.19,70.18,72.19,72.19,72.19,72.19,72.19,72.19,72.19,72.19,72.19,110.19,72.19,72.19,72.19,47.19,37.19
2005-11-04,30.31,27.91,27.91,27.91,30.31,35.19,47.19,47.19,70.18,72.19,72.19,72.19,72.19,72.19,72.19,72.19,72.19,72.19,92.19,92.19,72.19,72.19,57.19,35.19
2005-11-05,47.19,47.19,47.19,47.19,47.19,47.19,57.19,57.19,57.19,57.19,57.19,57.19,57.19,57.19,57.19,57.19,57.19,57.19,77.18,77.18,58.19,58.19,57.19,57.19
2005-11-06,57.69,45.19,45.19,45.19,45.19,45.19,45.19,57.69,57.69,57.69,57.69,57.69,57.69,57.69,57.69,57.69,57.69,58.19,58.19,58.19,58.19,58.19,57.69,57.69
2005-11-07,57.19,57.19,57.19,57.19,57.19,57.19,57.19,57.19,57.19,57.19,58.19,58.19,58.19,58.19,57.19,57.19,57.19,58.19,59.19,59.19,59.19,58.19,58.19,57.19
2005-11-08,41.99,41.99,41.99,41.99,41.99,42.19,58.19,58.19,58.19,58.19,58.19,58.19,58.19,58.19,58.19,58.19,58.19,92.19,97.19,112.24,92.19,58.19,58.19,42.19
2005-11-09,42.19,42.19,42.19,42.19,42.19,57.19,58.19,58.19,58.19,58.19,58.19,58.19,58.19,58.19,58.19,58.19,58.19,58.19,110.62,97.19,92.19,58.19,58.19,52.19
2005-11-10,57.09,57.09,57.09,57.09,57.09,57.19,57.19,57.69,57.69,57.69,57.69,57.69,57.69,57.69,57.69,57.69,57.69,57.69,104.19,92.19,80.18,57.69,57.69,57.19
2005-11-11,53.19,52.19,52.19,52.19,53.19,55.19,55.19,57.19,57.19,57.19,57.19,57.19,57.19,57.19,57.19,57.19,57.19,57.19,97.19,92.19,70.18,57.19,70.18,53.19
2005-11-12,46.19,38.09,38.09,38.09,38.09,46.19,46.19,53.69,53.69,53.69,53.69,57.19,57.19,53.69,53.69,53.69,53.69,57.19,70.18,57.19,57.19,53.69,53.69,46.19
2005-11-13,42.19,42.19,27.91,27.91,27.91,27.91,27.91,27.91,29.75,29.75,42.19,42.19,42.19,42.19,29.75,29.75,29.75,42.19,57.19,57.19,57.19,57.19,42.19,42.19
2005-11-14,30.19,30.19,30.19,30.19,29.75,30.19,30.19,30.19,52.19,52.19,52.19,52.19,52.19,52.19,52.19,52.19,52.19,52.19,57.19,57.19,57.19,52.19,52.19,52.19
2005-11-15,27.91,27.91,27.91,27.91,27.91,29.75,30.19,30.19,32.19,32.19,48.19,48.19,48.19,48.19,48.19,48.19,48.19,52.19,97.19,97.19,92.19,48.19,30.19,27.91
2005-11-16,45.69,30.19,30.19,30.19,45.69,45.69,45.69,45.69,48.19,48.19,48.19,57.19,48.19,48.19,48.19,48.19,57.19,70.18,107.76,97.19,92.19,57.19,45.69,45.69
2005-11-17,30.19,29.75,29.75,30.19,30.19,45.69,45.69,45.69,45.69,45.69,47.19,47.19,47.19,45.69,45.69,45.69,47.19,80.18,92.19,92.19,84.19,47.19,45.69,45.69
2005-11-18,44.19,30.19,30.19,30.19,44.19,45.19,45.19,45.19,45.19,45.19,45.19,45.19,45.19,45.19,45.19,45.19,45.19,52.19,92.19,84.19,77.19,52.19,45.19,45.19
2005-11-19,42.19,42.19,42.19,42.19,42.19,42.19,42.19,45.19,45.19,45.19,45.19,45.19,45.19,45.19,45.19,45.19,45.19,45.19,81.18,81.18,45.19,45.19,42.19,42.19
2005-11-20,43.19,42.19,42.19,42.19,42.19,42.19,42.19,42.19,43.19,43.19,47.19,47.19,47.19,43.19,43.19,42.19,43.19,47.19,72.19,72.19,72.19,47.19,47.19,43.19
2005-11-21,30.19,29.79,29.79,29.79,30.19,41.19,41.19,42.19,42.19,47.19,77.19,77.19,47.19,47.19,47.19,47.19,47.19,82.19,107.76,82.19,81.18,47.19,41.19,37.38
2005-11-22,42.19,42.19,42.19,42.19,42.19,48.19,48.19,48.19,67.19,77.19,77.19,77.19,77.19,67.19,67.19,67.19,77.19,82.19,111.23,82.19,82.19,67.19,48.19,42.19
2005-11-23,29.75,29.75,29.75,29.75,29.75,50.19,50.19,50.19,50.19,72.19,72.19,72.19,72.19,72.19,72.19,72.19,72.19,82.19,106.99,82.19,82.19,72.19,50.19,37.19
2005-11-24,28.99,28.99,28.99,28.99,28.99,37.19,37.19,37.19,74.19,74.19,74.19,74.19,74.19,74.19,74.19,74.19,74.19,74.19,111.23,82.19,82.19,74.19,37.19,37.19
2005-11-25,28.79,28.69,28.69,28.69,28.79,57.19,57.19,57.19,57.19,57.19,57.19,57.19,57.19,57.19,57.19,57.19,57.19,74.19,82.19,82.19,82.18,74.19,57.19,57.19
2005-11-26,28.19,28.19,28.19,28.19,28.19,28.19,28.19,28.39,28.79,28.79,74.19,74.19,74.19,28.79,28.79,28.79,28.79,28.79,109.49,109.49,82.19,74.19,28.79,28.19
2005-11-27,28.79,28.39,28.39,28.39,28.39,28.39,28.39,28.39,28.79,28.79,28.79,28.79,62.19,28.79,28.79,28.79,28.79,62.19,82.18,82.19,77.19,62.19,62.19,28.79
2005-11-28,47.19,47.19,47.19,47.19,47.19,47.19,64.19,64.19,64.19,74.19,74.19,82.19,74.19,64.19,74.19,64.19,64.19,74.19,111.23,169.18,82.19,74.19,64.19,47.19
2005-11-29,47.19,47.19,47.19,47.19,47.19,47.19,65.19,65.19,74.19,74.19,74.19,82.19,74.19,74.19,74.19,74.19,74.19,82.19,109.49,125.23,82.19,74.19,65.19,47.19
2005-11-30,47.19,47.19,47.19,47.19,47.19,62.19,62.19,62.19,62.19,74.19,74.19,74.19,74.19,74.19,74.19,62.19,74.19,74.19,125.23,125.23,82.19,74.19,62.19,47.19
2005-12-01,62.24,62.24,62.24,62.24,62.24,62.24,62.24,63.24,63.24,63.24,63.24,63.24,63.24,63.24,63.24,63.24,63.24,63.24,88.24,115.54,83.24,63.24,63.24,62.24
2005-12-02,63.24,63.24,63.24,63.24,63.24,63.24,80.24,80.24,80.24,80.24,80.24,83.24,80.24,80.24,80.24,80.24,80.24,83.24,83.24,115.54,83.24,83.24,80.24,63.24
2005-12-03,68.24,68.24,68.24,68.24,68.24,68.24,68.24,82.24,82.24,82.24,82.24,82.24,82.24,82.24,82.24,82.24,82.24,82.24,88.24,88.24,88.24,83.24,82.24,68.24
2005-12-04,73.24,73.24,73.24,73.24,68.24,68.24,68.24,73.24,73.24,73.24,73.24,73.24,73.24,73.24,73.24,73.24,73.24,73.24,84.24,84.24,84.24,83.24,73.24,73.24
2005-12-05,71.24,71.24,71.24,71.24,71.24,71.24,73.24,73.24,77.24,85.24,85.24,85.24,85.24,85.24,85.24,85.24,85.24,85.24,98.24,103.24,98.24,85.24,77.24,71.24
2005-12-06,71.14,71.14,71.14,71.14,71.14,71.14,72.24,73.24,78.24,78.24,78.24,78.24,78.24,78.24,78.24,78.24,78.24,78.24,98.24,103.24,79.24,78.24,78.24,71.14
2005-12-07,71.25,71.25,71.25,71.25,71.25,72.24,78.24,78.24,79.24,78.24,78.24,79.24,78.24,78.24,79.24,79.24,78.24,79.24,98.24,84.74,84.74,84.74,79.24,78.24
2005-12-08,77.24,73.85,73.85,73.85,73.85,73.85,73.85,73.85,77.24,77.24,77.74,78.24,78.24,77.74,77.24,77.24,77.24,78.24,85.24,85.24,85.24,79.24,78.24,77.24
2005-12-09,80.24,80.24,79.24,79.24,80.24,80.24,80.24,83.85,83.85,83.85,83.85,83.85,83.85,83.85,83.85,83.85,83.85,83.85,103.24,103.24,87.24,87.24,83.85,80.24
2005-12-10,78.24,79.23,79.23,78.04,80.24,80.24,80.24,80.24,80.24,80.24,80.24,80.24,80.24,80.24,80.24,80.24,80.24,80.24,87.24,108.24,87.24,87.24,80.24,80.24
2005-12-11,80.24,80.24,80.24,80.24,80.24,80.24,80.24,80.24,80.24,80.24,80.24,80.24,80.24,80.24,80.24,80.24,80.24,80.24,83.74,85.24,83.74,83.74,83.74,80.24
2005-12-12,78.24,78.24,75.24,75.24,78.24,78.24,78.24,80.14,80.14,80.14,80.14,80.14,80.14,80.14,80.14,80.14,80.14,80.14,94.24,94.24,94.24,80.14,80.14,78.24
2005-12-13,77.24,71.24,60.06,60.06,74.24,77.24,78.23,78.24,78.74,78.74,78.74,78.74,78.74,78.74,78.74,78.74,78.74,78.74,79.29,79.29,79.29,78.74,78.24,77.24
2005-12-14,77.24,75.14,75.14,75.14,75.14,77.24,78.14,78.24,78.24,78.24,78.24,78.24,78.24,78.24,78.24,78.24,78.24,93.24,108.24,128.24,108.24,93.24,78.14,77.24
2005-12-15,78.24,78.24,78.24,78.24,78.24,78.24,84.24,84.24,84.24,84.24,84.24,84.24,84.24,84.24,84.24,84.24,84.24,84.24,93.24,93.24,93.24,93.24,84.24,84.24
2005-12-16,78.24,78.24,78.24,78.24,78.24,78.24,78.34,79.24,81.79,81.79,81.79,81.79,81.79,81.79,81.79,81.79,79.24,81.79,94.24,81.79,81.79,81.79,81.79,78.34
2005-12-17,78.74,78.24,78.24,78.24,78.24,78.24,78.24,78.74,78.74,78.74,78.74,78.74,78.74,78.74,78.74,78.24,78.24,78.74,80.24,80.24,80.24,80.24,78.74,78.24
2005-12-18,78.24,78.24,78.24,78.24,78.24,78.24,78.24,78.24,78.24,78.24,78.74,78.74,78.74,78.74,78.74,78.24,78.24,78.74,80.24,91.32,80.24,80.24,78.74,78.24
2005-12-19,77.84,77.84,77.84,77.84,77.84,78.24,78.24,78.24,78.24,80.24,80.24,80.24,78.24,78.24,78.24,78.24,78.24,80.24,95.24,118.24,95.24,95.24,78.24,78.22
2005-12-20,77.44,77.44,77.72,77.72,77.74,78.24,78.24,78.24,80.24,80.24,95.24,95.24,95.24,80.24,78.24,78.24,78.24,80.24,123.24,123.24,95.24,95.24,78.24,77.74
2005-12-21,77.24,77.24,77.24,77.24,77.24,77.24,77.24,77.34,78.34,78.34,78.34,78.34,78.34,78.34,78.34,78.34,78.34,78.34,118.24,126.55,78.34,78.34,78.34,77.24
2005-12-22,77.24,77.24,77.24,77.24,77.24,77.24,77.24,77.24,77.24,77.74,77.74,118.24,77.74,77.24,77.24,77.24,77.24,77.24,123.24,123.24,123.24,123.24,77.24,77.24
2005-12-23,77.24,77.24,77.24,77.24,77.24,77.24,83.24,83.24,91.32,118.24,118.24,118.24,118.24,83.24,83.24,83.24,83.24,118.24,124.24,124.24,124.24,124.24,118.24,83.24
2005-12-24,77.24,77.24,77.24,77.24,77.24,77.24,77.24,77.24,77.24,77.24,77.24,77.24,77.24,77.24,77.24,77.24,77.24,77.24,90.24,90.24,90.24,90.24,90.24,83.24
2005-12-25,77.24,76.84,76.84,76.84,76.84,76.84,76.84,76.84,76.84,76.84,76.84,76.84,76.84,76.84,76.84,76.84,76.84,76.84,77.24,81.23,78.24,77.24,76.84,76.84
2005-12-26,74.24,74.24,74.24,69.53,74.24,76.24,76.74,76.79,76.79,76.79,76.79,77.24,76.79,76.79,76.79,76.79,76.79,77.24,80.24,118.24,80.24,77.24,76.79,76.79
2005-12-27,74.24,72.74,68.24,68.24,68.24,74.24,76.34,76.34,76.34,76.74,76.74,76.74,76.74,76.74,76.74,76.74,76.74,76.74,118.24,118.24,77.24,77.24,76.74,76.34
2005-12-28,70.24,70.24,70.24,70.24,70.24,70.24,73.24,76.74,76.84,76.84,76.84,76.84,76.84,76.84,76.84,76.84,76.84,76.84,91.32,130.24,88.24,77.24,76.84,76.84
2005-12-29,75.24,75.24,71.24,71.24,75.24,75.24,76.74,76.84,76.84,76.84,76.84,76.84,76.84,76.84,76.84,76.84,76.84,76.84,78.24,88.24,83.23,77.24,76.84,76.74
2005-12-30,75.14,75.14,75.14,75.14,75.14,75.14,75.14,75.24,76.24,76.24,76.24,76.24,76.24,76.24,76.24,76.24,75.24,75.24,76.24,82.23,76.74,76.74,76.24,75.24
2005-12-31,75.54,75.54,75.54,75.54,75.54,75.54,75.54,75.54,76.24,76.24,76.24,76.24,76.24,75.54,75.54,75.54,75.54,75.54,76.34,76.74,76.34,76.74,76.34,76.24